{"type":"FeatureCollection", "features": [
{"type":"Feature","geometry":{"type":"Point","coordinates":[-74.0062526,40.7124882,0]},"properties":{"name":"New York, NY, USA","styleUrl":"#icon-ci-1-nodesc","icon-scale":0.7,"icon":"images/icon-1.png"}},
{"type":"Feature","geometry":{"type":"Point","coordinates":[-84.511817,39.1031421,0]},"properties":{"name":"Cincinnati, OH, USA","styleUrl":"#icon-ci-2-nodesc","icon-scale":0.7,"icon":"images/icon-2.png"}},
{"type":"Feature","geometry":{"type":"Point","coordinates":[-97.2244919,38.9381782,0]},"properties":{"name":"US-40, Abilene, KS 67410, USA","styleUrl":"#icon-ci-3-nodesc","icon-scale":0.7,"icon":"images/icon-3.png"}},
{"type":"Feature","geometry":{"type":"Point","coordinates":[-104.9902503,39.7392353,0]},"properties":{"name":"Denver, CO, USA","styleUrl":"#icon-ci-4-nodesc","icon-scale":0.7,"icon":"images/icon-4.png"}},
{"type":"Feature","geometry":{"type":"Point","coordinates":[-104.8563034,39.3721998,0]},"properties":{"name":"Castle Rock, CO, USA","styleUrl":"#icon-ci-5-nodesc","icon-scale":0.7,"icon":"images/icon-5.png"}},
{"type":"Feature","geometry":{"type":"Point","coordinates":[-104.8213291,38.8339132,0]},"properties":{"name":"Colorado Springs, CO, USA","styleUrl":"#icon-ci-6-nodesc","icon-scale":0.7,"icon":"images/icon-6.png"}},
{"type":"Feature","geometry":{"type":"Point","coordinates":[-104.5007004,37.1694053,0]},"properties":{"name":"Trinidad, CO, USA","styleUrl":"#icon-ci-7-nodesc","icon-scale":0.7,"icon":"images/icon-7.png"}},
{"type":"Feature","geometry":{"type":"Point","coordinates":[-104.4391534,36.9033574,0]},"properties":{"name":"Raton, NM, USA","styleUrl":"#icon-ci-8-nodesc","icon-scale":0.7,"icon":"images/icon-8.png"}},
{"type":"Feature","geometry":{"type":"Point","coordinates":[-102.5132983,36.0594328,0]},"properties":{"name":"Dalhart, TX, USA","styleUrl":"#icon-ci-9-nodesc","icon-scale":0.7,"icon":"images/icon-9.png"}},
{"type":"Feature","geometry":{"type":"Point","coordinates":[-101.8312967,35.2219713,0]},"properties":{"name":"Amarillo, TX, USA","styleUrl":"#icon-ci-10-nodesc","icon-scale":0.7,"icon":"images/icon-10.png"}},
{"type":"Feature","geometry":{"type":"Point","coordinates":[-101.8312967,35.2219713,0]},"properties":{"name":"Amarillo, TX, USA","styleUrl":"#icon-ci-1-nodesc","icon-scale":0.7,"icon":"images/icon-1.png"}},
{"type":"Feature","geometry":{"type":"Point","coordinates":[-100.2276096,34.4347781,0]},"properties":{"name":"2111 Ave F NW US 287, Childress, TX 79201, USA","styleUrl":"#icon-ci-2-nodesc","icon-scale":0.7,"icon":"images/icon-2.png"}},
{"type":"Feature","geometry":{"type":"Point","coordinates":[-99.7331448,32.4487365,0]},"properties":{"name":"Abilene, TX, USA","styleUrl":"#icon-ci-3-nodesc","icon-scale":0.7,"icon":"images/icon-3.png"}},
{"type":"Feature","geometry":{"type":"Point","coordinates":[-98.8721072,30.2752999,0]},"properties":{"name":"Fredericksburg, TX, USA","styleUrl":"#icon-ci-4-nodesc","icon-scale":0.7,"icon":"images/icon-4.png"}},
{"type":"Feature","geometry":{"type":"Point","coordinates":[-98.4945944,29.4251833,0]},"properties":{"name":"San Antonio, TX, USA","styleUrl":"#icon-ci-5-nodesc","icon-scale":0.7,"icon":"images/icon-5.png"}},
{"type":"Feature","geometry":{"type":"Point","coordinates":[-99.5075519,27.5035613,0]},"properties":{"name":"Laredo, TX, USA","styleUrl":"#icon-ci-6-nodesc","icon-scale":0.7,"icon":"images/icon-6.png"}},
{"type":"Feature","geometry":{"type":"Point","coordinates":[-99.5495777,27.4779141,0]},"properties":{"name":"Nuevo Laredo, Tamaulipas, Mexico","styleUrl":"#icon-ci-7-nodesc","icon-scale":0.7,"icon":"images/icon-7.png"}},
{"type":"Feature","geometry":{"type":"Point","coordinates":[-100.175688,26.5087592,0]},"properties":{"name":"Sabinas Hidalgo, Nuevo Leon, Mexico","styleUrl":"#icon-ci-8-nodesc","icon-scale":0.7,"icon":"images/icon-8.png"}},
{"type":"Feature","geometry":{"type":"Point","coordinates":[-100.3108934,25.6837559,0]},"properties":{"name":"Av. Francisco I. Madero 303, Treviño, 64570 Monterrey, N.L., Mexico","styleUrl":"#icon-ci-9-nodesc","icon-scale":0.7,"icon":"images/icon-9.png"}},
{"type":"Feature","geometry":{"type":"Point","coordinates":[-99.5619722,24.8642709,0]},"properties":{"name":"Linares, Nuevo Leon, Mexico","styleUrl":"#icon-ci-10-nodesc","icon-scale":0.7,"icon":"images/icon-10.png"}},
{"type":"Feature","geometry":{"type":"Point","coordinates":[-99.5619722,24.8642709,0]},"properties":{"name":"Linares, Nuevo Leon, Mexico","styleUrl":"#icon-ci-1-nodesc","icon-scale":0.7,"icon":"images/icon-1.png"}},
{"type":"Feature","geometry":{"type":"Point","coordinates":[-99.141106,23.7369744,0]},"properties":{"name":"Victoria, Tamaulipas, Mexico","styleUrl":"#icon-ci-2-nodesc","icon-scale":0.7,"icon":"images/icon-2.png"}},
{"type":"Feature","geometry":{"type":"Point","coordinates":[-99.0119551,22.8129789,0]},"properties":{"name":"Llera de Canales-Ciudad Mante, 89918 Tanchipa, Tamps., Mexico","styleUrl":"#icon-ci-3-nodesc","icon-scale":0.7,"icon":"images/icon-3.png"}},
{"type":"Feature","geometry":{"type":"Point","coordinates":[-98.7839895,21.2612985,0]},"properties":{"name":"La Cruz 1001, San Rafael, 79960 Tamazunchale, S.L.P., Mexico","styleUrl":"#icon-ci-4-nodesc","icon-scale":0.7,"icon":"images/icon-4.png"}},
{"type":"Feature","geometry":{"type":"Point","coordinates":[-99.1159282,21.0382217,0]},"properties":{"name":"México 85, Hidalgo, Mexico","styleUrl":"#icon-ci-5-nodesc","icon-scale":0.7,"icon":"images/icon-5.png"}},
{"type":"Feature","geometry":{"type":"Point","coordinates":[-99.381236,20.7382949,0]},"properties":{"name":"Zimapan, Hgo., Mexico","styleUrl":"#icon-ci-6-nodesc","icon-scale":0.7,"icon":"images/icon-6.png"}},
{"type":"Feature","geometry":{"type":"Point","coordinates":[-99.0930536,19.8039278,0]},"properties":{"name":"Zumpango, State of Mexico, Mexico","styleUrl":"#icon-ci-7-nodesc","icon-scale":0.7,"icon":"images/icon-7.png"}},
{"type":"Feature","geometry":{"type":"Point","coordinates":[-99.1334254,19.4319716,0]},"properties":{"name":"Mexico City, CDMX, Mexico","styleUrl":"#icon-ci-8-nodesc","icon-scale":0.7,"icon":"images/icon-8.png"}}
]}