{"type":"FeatureCollection", "features": [
{"type":"Feature","geometry":{"type":"Point","coordinates":[-104.9902503,39.7392353,0]},"properties":{"name":"Denver, CO, USA","styleUrl":"#icon-ci-1-nodesc","icon-scale":0.7,"icon":"images/icon-1.png"}},
{"type":"Feature","geometry":{"type":"Point","coordinates":[-104.901566,39.711222,0]},"properties":{"name":"East Alameda Avenue, Denver, CO, USA","styleUrl":"#icon-ci-2-nodesc","icon-scale":0.7,"icon":"images/icon-2.png"}},
{"type":"Feature","geometry":{"type":"Point","coordinates":[-104.9986245,39.7482765,0]},"properties":{"name":"Larimer Street, Denver, CO, USA","styleUrl":"#icon-ci-3-nodesc","icon-scale":0.7,"icon":"images/icon-3.png"}},
{"type":"Feature","geometry":{"type":"Point","coordinates":[-109.045345,39.2079158,0]},"properties":{"name":"M 8/10 Rd, Mack, CO 81525, USA","styleUrl":"#icon-ci-4-nodesc","icon-scale":0.7,"icon":"images/icon-4.png"}},
{"type":"Feature","geometry":{"type":"Point","coordinates":[-111.8910685,40.7607343,0]},"properties":{"name":"Salt Lake City, UT, USA","styleUrl":"#icon-ci-5-nodesc","icon-scale":0.7,"icon":"images/icon-5.png"}},
{"type":"Feature","geometry":{"type":"Point","coordinates":[-122.4195388,37.7749613,0]},"properties":{"name":"San Francisco, CA, USA","styleUrl":"#icon-ci-6-nodesc","icon-scale":0.7,"icon":"images/icon-6.png"}},
{"type":"Feature","geometry":{"type":"Point","coordinates":[-122.5094247,37.8687948,0]},"properties":{"name":"Marin City, CA, USA","styleUrl":"#icon-ci-7-nodesc","icon-scale":0.7,"icon":"images/icon-7.png"}},
{"type":"Feature","geometry":{"type":"Point","coordinates":[-122.4046395,37.7817587,0]},"properties":{"name":"Howard Street, SF, CA, USA","styleUrl":"#icon-ci-8-nodesc","icon-scale":0.7,"icon":"images/icon-8.png"}},
{"type":"Feature","geometry":{"type":"Point","coordinates":[-122.4239421,37.7392503,0]},"properties":{"name":"Mission Street, SF, CA, USA","styleUrl":"#icon-ci-9-nodesc","icon-scale":0.7,"icon":"images/icon-9.png"}},
{"type":"Feature","geometry":{"type":"Point","coordinates":[-121.4943983,38.5815716,0]},"properties":{"name":"Sacramento, CA, USA","styleUrl":"#icon-ci-10-nodesc","icon-scale":0.7,"icon":"images/icon-10.png"}},
{"type":"Feature","geometry":{"type":"Point","coordinates":[-121.4943983,38.5815716,0]},"properties":{"name":"Sacramento, CA, USA","styleUrl":"#icon-ci-1-nodesc","icon-scale":0.7,"icon":"images/icon-1.png"}},
{"type":"Feature","geometry":{"type":"Point","coordinates":[-116.4111862,38.797143,0]},"properties":{"name":"Nevada, USA","styleUrl":"#icon-ci-2-nodesc","icon-scale":0.7,"icon":"images/icon-2.png"}},
{"type":"Feature","geometry":{"type":"Point","coordinates":[-111.8910685,40.7607343,0]},"properties":{"name":"Salt Lake City, UT, USA","styleUrl":"#icon-ci-3-nodesc","icon-scale":0.7,"icon":"images/icon-3.png"}},
{"type":"Feature","geometry":{"type":"Point","coordinates":[-107.5460421,40.5152484,0]},"properties":{"name":"Craig, CO, USA","styleUrl":"#icon-ci-4-nodesc","icon-scale":0.7,"icon":"images/icon-4.png"}},
{"type":"Feature","geometry":{"type":"Point","coordinates":[-105.0346127,39.7770912,0]},"properties":{"name":"Cafe Brazil, Lowell Boulevard, Denver, CO, USA","styleUrl":"#icon-ci-5-nodesc","icon-scale":0.7,"icon":"images/icon-5.png"}},
{"type":"Feature","geometry":{"type":"Point","coordinates":[-104.1121472,40.1747628,0]},"properties":{"name":"1028-2434 Co Rd M, Wiggins, CO 80654, USA","styleUrl":"#icon-ci-6-nodesc","icon-scale":0.7,"icon":"images/icon-6.png"}},
{"type":"Feature","geometry":{"type":"Point","coordinates":[-93.0970066,41.878009,0]},"properties":{"name":"Iowa, USA","styleUrl":"#icon-ci-7-nodesc","icon-scale":0.7,"icon":"images/icon-7.png"}},
{"type":"Feature","geometry":{"type":"Point","coordinates":[-93.6249593,41.5868353,0]},"properties":{"name":"Des Moines, IA, USA","styleUrl":"#icon-ci-8-nodesc","icon-scale":0.7,"icon":"images/icon-8.png"}},
{"type":"Feature","geometry":{"type":"Point","coordinates":[-90.5776361,41.5235339,0]},"properties":{"name":"Davenport, IA, USA","styleUrl":"#icon-ci-9-nodesc","icon-scale":0.7,"icon":"images/icon-9.png"}},
{"type":"Feature","geometry":{"type":"Point","coordinates":[-90.5787979,41.5094652,0]},"properties":{"name":"Rock Island, IL, USA","styleUrl":"#icon-ci-10-nodesc","icon-scale":0.7,"icon":"images/icon-10.png"}},
{"type":"Feature","geometry":{"type":"Point","coordinates":[-90.5787979,41.5094652,0]},"properties":{"name":"Rock Island, IL, USA","styleUrl":"#icon-ci-1-nodesc","icon-scale":0.7,"icon":"images/icon-1.png"}},
{"type":"Feature","geometry":{"type":"Point","coordinates":[-87.6297778,41.878114,0]},"properties":{"name":"Chicago, IL, USA","styleUrl":"#icon-ci-2-nodesc","icon-scale":0.7,"icon":"images/icon-2.png"}},
{"type":"Feature","geometry":{"type":"Point","coordinates":[-87.5905131,41.8127955,0]},"properties":{"name":"South Lake Shore Drive, Chicago, IL, USA","styleUrl":"#icon-ci-3-nodesc","icon-scale":0.7,"icon":"images/icon-3.png"}},
{"type":"Feature","geometry":{"type":"Point","coordinates":[-87.6297778,41.878114,0]},"properties":{"name":"Chicago, IL, USA","styleUrl":"#icon-ci-4-nodesc","icon-scale":0.7,"icon":"images/icon-4.png"}},
{"type":"Feature","geometry":{"type":"Point","coordinates":[-83.045754,42.331381,0]},"properties":{"name":"Detroit, MI, USA","styleUrl":"#icon-ci-5-nodesc","icon-scale":0.7,"icon":"images/icon-5.png"}},
{"type":"Feature","geometry":{"type":"Point","coordinates":[-83.0694902,42.331544,0]},"properties":{"name":"2121 Trumbull Avenue, Detroit, MI, USA","styleUrl":"#icon-ci-6-nodesc","icon-scale":0.7,"icon":"images/icon-6.png"}},
{"type":"Feature","geometry":{"type":"Point","coordinates":[-74.0062526,40.7124882,0]},"properties":{"name":"NYC, NY, USA","styleUrl":"#icon-ci-7-nodesc","icon-scale":0.7,"icon":"images/icon-7.png"}}
]}