{"type":"FeatureCollection", "features": [
{"type":"Feature","geometry":{"type":"Point","coordinates":[-73.8504547,40.6794841,0]},"properties":{"name":"Ozone Park, Queens, NY, USA","styleUrl":"#icon-ci-1-nodesc","icon-scale":0.7,"icon":"images/icon-1.png"}},
{"type":"Feature","geometry":{"type":"Point","coordinates":[-74.40293,40.056344,0]},"properties":{"name":"New Jersey, USA","styleUrl":"#icon-ci-2-nodesc","icon-scale":0.7,"icon":"images/icon-2.png"}},
{"type":"Feature","geometry":{"type":"Point","coordinates":[-75.1652008,39.9525837,0]},"properties":{"name":"Philadelphia, PA, USA","styleUrl":"#icon-ci-3-nodesc","icon-scale":0.7,"icon":"images/icon-3.png"}},
{"type":"Feature","geometry":{"type":"Point","coordinates":[-76.6121863,39.2904039,0]},"properties":{"name":"Baltimore, MD, USA","styleUrl":"#icon-ci-4-nodesc","icon-scale":0.7,"icon":"images/icon-4.png"}},
{"type":"Feature","geometry":{"type":"Point","coordinates":[-77.4481943,37.6750214,0]},"properties":{"name":"956 Wellston Ct, Glen Allen, VA 23059, USA","styleUrl":"#icon-ci-5-nodesc","icon-scale":0.7,"icon":"images/icon-5.png"}},
{"type":"Feature","geometry":{"type":"Point","coordinates":[-77.4360271,37.5407463,0]},"properties":{"name":"Richmond, VA, USA","styleUrl":"#icon-ci-6-nodesc","icon-scale":0.7,"icon":"images/icon-6.png"}},
{"type":"Feature","geometry":{"type":"Point","coordinates":[-77.7904216,35.938221,0]},"properties":{"name":"Rocky Mount, NC, USA","styleUrl":"#icon-ci-7-nodesc","icon-scale":0.7,"icon":"images/icon-7.png"}},
{"type":"Feature","geometry":{"type":"Point","coordinates":[-78.608937,35.3062348,0]},"properties":{"name":"Dunn, NC, USA","styleUrl":"#icon-ci-8-nodesc","icon-scale":0.7,"icon":"images/icon-8.png"}},
{"type":"Feature","geometry":{"type":"Point","coordinates":[-83.6323988,32.8406964,0]},"properties":{"name":"Macon, GA, USA","styleUrl":"#icon-ci-9-nodesc","icon-scale":0.7,"icon":"images/icon-9.png"}},
{"type":"Feature","geometry":{"type":"Point","coordinates":[-87.2609891,31.0004445,0]},"properties":{"name":"Flomaton, AL, USA","styleUrl":"#icon-ci-10-nodesc","icon-scale":0.7,"icon":"images/icon-10.png"}},
{"type":"Feature","geometry":{"type":"Point","coordinates":[-87.2609891,31.0004445,0]},"properties":{"name":"Flomaton, AL, USA","styleUrl":"#icon-ci-1-nodesc","icon-scale":0.7,"icon":"images/icon-1.png"}},
{"type":"Feature","geometry":{"type":"Point","coordinates":[-88.0399186,30.6953673,0]},"properties":{"name":"Mobile, AL, USA","styleUrl":"#icon-ci-2-nodesc","icon-scale":0.7,"icon":"images/icon-2.png"}},
{"type":"Feature","geometry":{"type":"Point","coordinates":[-90.0714799,29.9510552,0]},"properties":{"name":"New Orleans, LA, USA","styleUrl":"#icon-ci-3-nodesc","icon-scale":0.7,"icon":"images/icon-3.png"}},
{"type":"Feature","geometry":{"type":"Point","coordinates":[-90.0142564,29.9214201,0]},"properties":{"name":"Algiers, New Orleans, LA, USA","styleUrl":"#icon-ci-4-nodesc","icon-scale":0.7,"icon":"images/icon-4.png"}},
{"type":"Feature","geometry":{"type":"Point","coordinates":[-90.053556,29.9148968,0]},"properties":{"name":"Gretna, LA, USA","styleUrl":"#icon-ci-5-nodesc","icon-scale":0.7,"icon":"images/icon-5.png"}},
{"type":"Feature","geometry":{"type":"Point","coordinates":[-91.1871466,30.4514677,0]},"properties":{"name":"Baton Rouge, LA, USA","styleUrl":"#icon-ci-6-nodesc","icon-scale":0.7,"icon":"images/icon-6.png"}},
{"type":"Feature","geometry":{"type":"Point","coordinates":[-91.2073057,30.4474888,0]},"properties":{"name":"Port Allen, LA, USA","styleUrl":"#icon-ci-7-nodesc","icon-scale":0.7,"icon":"images/icon-7.png"}},
{"type":"Feature","geometry":{"type":"Point","coordinates":[-93.894731,29.7332887,0]},"properties":{"name":"Sabine Pass, Port Arthur, TX, USA","styleUrl":"#icon-ci-8-nodesc","icon-scale":0.7,"icon":"images/icon-8.png"}},
{"type":"Feature","geometry":{"type":"Point","coordinates":[-94.1266067,30.0801474,0]},"properties":{"name":"Beaumont, TX, USA","styleUrl":"#icon-ci-9-nodesc","icon-scale":0.7,"icon":"images/icon-9.png"}},
{"type":"Feature","geometry":{"type":"Point","coordinates":[-95.3698084,29.76043,0]},"properties":{"name":"Houston, TX, USA","styleUrl":"#icon-ci-10-nodesc","icon-scale":0.7,"icon":"images/icon-10.png"}},
{"type":"Feature","geometry":{"type":"Point","coordinates":[-95.3698084,29.76043,0]},"properties":{"name":"Houston, TX, USA","styleUrl":"#icon-ci-1-nodesc","icon-scale":0.7,"icon":"images/icon-1.png"}},
{"type":"Feature","geometry":{"type":"Point","coordinates":[-98.8721072,30.2752999,0]},"properties":{"name":"Fredericksburg, TX, USA","styleUrl":"#icon-ci-2-nodesc","icon-scale":0.7,"icon":"images/icon-2.png"}},
{"type":"Feature","geometry":{"type":"Point","coordinates":[-100.6433739,30.5667695,0]},"properties":{"name":"Sonora, TX, USA","styleUrl":"#icon-ci-3-nodesc","icon-scale":0.7,"icon":"images/icon-3.png"}},
{"type":"Feature","geometry":{"type":"Point","coordinates":[-101.2011795,30.7020794,0]},"properties":{"name":"Ozona, TX, USA","styleUrl":"#icon-ci-4-nodesc","icon-scale":0.7,"icon":"images/icon-4.png"}},
{"type":"Feature","geometry":{"type":"Point","coordinates":[-103.4932156,31.4228838,0]},"properties":{"name":"Pecos, TX, USA","styleUrl":"#icon-ci-5-nodesc","icon-scale":0.7,"icon":"images/icon-5.png"}},
{"type":"Feature","geometry":{"type":"Point","coordinates":[-106.2241156,31.5923384,0]},"properties":{"name":"Clint, Texas, USA","styleUrl":"#icon-ci-6-nodesc","icon-scale":0.7,"icon":"images/icon-6.png"}},
{"type":"Feature","geometry":{"type":"Point","coordinates":[-106.4847289,31.7615462,0]},"properties":{"name":"El Paso, TX, USA","styleUrl":"#icon-ci-7-nodesc","icon-scale":0.7,"icon":"images/icon-7.png"}},
{"type":"Feature","geometry":{"type":"Point","coordinates":[-106.7638743,32.3200786,0]},"properties":{"name":"Las Cruces, NM, USA","styleUrl":"#icon-ci-8-nodesc","icon-scale":0.7,"icon":"images/icon-8.png"}},
{"type":"Feature","geometry":{"type":"Point","coordinates":[-110.2945043,31.9678579,0]},"properties":{"name":"Benson, AZ, USA","styleUrl":"#icon-ci-9-nodesc","icon-scale":0.7,"icon":"images/icon-9.png"}},
{"type":"Feature","geometry":{"type":"Point","coordinates":[-110.9741768,32.2539606,0]},"properties":{"name":"Tucson, AZ, USA","styleUrl":"#icon-ci-10-nodesc","icon-scale":0.7,"icon":"images/icon-10.png"}},
{"type":"Feature","geometry":{"type":"Point","coordinates":[-110.9741768,32.2539606,0]},"properties":{"name":"Tucson, AZ, USA","styleUrl":"#icon-ci-1-nodesc","icon-scale":0.7,"icon":"images/icon-1.png"}},
{"type":"Feature","geometry":{"type":"Point","coordinates":[-119.0187437,35.373278,0]},"properties":{"name":"Bakersfield, CA, USA","styleUrl":"#icon-ci-2-nodesc","icon-scale":0.7,"icon":"images/icon-2.png"}},
{"type":"Feature","geometry":{"type":"Point","coordinates":[-119.3474628,36.2077099,0]},"properties":{"name":"Tulare, CA, USA","styleUrl":"#icon-ci-3-nodesc","icon-scale":0.7,"icon":"images/icon-3.png"}},
{"type":"Feature","geometry":{"type":"Point","coordinates":[-120.060677,36.9613631,0]},"properties":{"name":"Madera, CA, USA","styleUrl":"#icon-ci-4-nodesc","icon-scale":0.7,"icon":"images/icon-4.png"}},
{"type":"Feature","geometry":{"type":"Point","coordinates":[-122.2711968,37.8043546,0]},"properties":{"name":"Oakland, CA, USA","styleUrl":"#icon-ci-5-nodesc","icon-scale":0.7,"icon":"images/icon-5.png"}},
{"type":"Feature","geometry":{"type":"Point","coordinates":[-122.4195388,37.7749613,0]},"properties":{"name":"San Francisco, CA, USA","styleUrl":"#icon-ci-6-nodesc","icon-scale":0.7,"icon":"images/icon-6.png"}},
{"type":"Feature","geometry":{"type":"Point","coordinates":[-112.5347772,46.0039184,0]},"properties":{"name":"Butte, MT, USA","styleUrl":"#icon-ci-7-nodesc","icon-scale":0.7,"icon":"images/icon-7.png"}},
{"type":"Feature","geometry":{"type":"Point","coordinates":[-109.9540729,45.8343612,0]},"properties":{"name":"Big Timber, MT, USA","styleUrl":"#icon-ci-8-nodesc","icon-scale":0.7,"icon":"images/icon-8.png"}},
{"type":"Feature","geometry":{"type":"Point","coordinates":[-101.0015194,47.5485024,0]},"properties":{"name":"North Dakota, USA","styleUrl":"#icon-ci-9-nodesc","icon-scale":0.7,"icon":"images/icon-9.png"}},
{"type":"Feature","geometry":{"type":"Point","coordinates":[-83.5378674,41.6528052,0]},"properties":{"name":"Toledo, OH, USA","styleUrl":"#icon-ci-10-nodesc","icon-scale":0.7,"icon":"images/icon-10.png"}},
{"type":"Feature","geometry":{"type":"Point","coordinates":[-83.5378674,41.6528052,0]},"properties":{"name":"Toledo, OH, USA","styleUrl":"#icon-ci-1-nodesc","icon-scale":0.7,"icon":"images/icon-1.png"}},
{"type":"Feature","geometry":{"type":"Point","coordinates":[-83.045754,42.331381,0]},"properties":{"name":"Detroit, MI, USA","styleUrl":"#icon-ci-2-nodesc","icon-scale":0.7,"icon":"images/icon-2.png"}},
{"type":"Feature","geometry":{"type":"Point","coordinates":[-77.1945696,41.2040497,0]},"properties":{"name":"Pennsylvania, USA","styleUrl":"#icon-ci-3-nodesc","icon-scale":0.7,"icon":"images/icon-3.png"}},
{"type":"Feature","geometry":{"type":"Point","coordinates":[-73.8504547,40.6794841,0]},"properties":{"name":"Ozone Park, Queens, NY, USA","styleUrl":"#icon-ci-4-nodesc","icon-scale":0.7,"icon":"images/icon-4.png"}}
]}