{"type":"FeatureCollection", "features": [
{"type":"Feature","geometry":{"type":"Point","coordinates":[-73.8992131,40.8940837,0]},"properties":{"name":"Horace Mann Bronx Campus Middle and Upper Divisions","styleUrl":"#icon-ci-1-nodesc","icon-scale":0.7,"icon":"images/icon-1.png"}},
{"type":"Feature","geometry":{"type":"Point","coordinates":[-73.8709304,40.9681551,0]},"properties":{"name":"947 Saw Mill River Rd, Yonkers, NY 10710, USA","styleUrl":"#icon-ci-2-nodesc","icon-scale":0.7,"icon":"images/icon-2.png"}},
{"type":"Feature","geometry":{"type":"Point","coordinates":[-73.9831002,41.3199624,0]},"properties":{"name":"Bear Mountain Bridge, Garrison, NY, USA","styleUrl":"#icon-ci-3-nodesc","icon-scale":0.7,"icon":"images/icon-3.png"}},
{"type":"Feature","geometry":{"type":"Point","coordinates":[-74.0104169,41.5034339,0]},"properties":{"name":"Newburgh, NY, USA","styleUrl":"#icon-ci-4-nodesc","icon-scale":0.7,"icon":"images/icon-4.png"}},
{"type":"Feature","geometry":{"type":"Point","coordinates":[-73.9946697,40.7527053,0]},"properties":{"name":"West 34th Street, New York, NY, USA","styleUrl":"#icon-ci-5-nodesc","icon-scale":0.7,"icon":"images/icon-5.png"}},
{"type":"Feature","geometry":{"type":"Point","coordinates":[-87.6297778,41.878114,0]},"properties":{"name":"Chicago, IL, USA","styleUrl":"#icon-ci-6-nodesc","icon-scale":0.7,"icon":"images/icon-6.png"}},
{"type":"Feature","geometry":{"type":"Point","coordinates":[-88.0817233,41.5249707,0]},"properties":{"name":"Joliet, IL, USA","styleUrl":"#icon-ci-7-nodesc","icon-scale":0.7,"icon":"images/icon-7.png"}},
{"type":"Feature","geometry":{"type":"Point","coordinates":[-90.5776361,41.5235339,0]},"properties":{"name":"Davenport, Iowa, USA","styleUrl":"#icon-ci-8-nodesc","icon-scale":0.7,"icon":"images/icon-8.png"}},
{"type":"Feature","geometry":{"type":"Point","coordinates":[-93.6249593,41.5868353,0]},"properties":{"name":"Des Moines, IA, USA","styleUrl":"#icon-ci-9-nodesc","icon-scale":0.7,"icon":"images/icon-9.png"}},
{"type":"Feature","geometry":{"type":"Point","coordinates":[-94.0174898,41.6144325,0]},"properties":{"name":"Adel, IA, USA","styleUrl":"#icon-ci-10-nodesc","icon-scale":0.7,"icon":"images/icon-10.png"}},
{"type":"Feature","geometry":{"type":"Point","coordinates":[-94.0174898,41.6144325,0]},"properties":{"name":"Adel, IA, USA","styleUrl":"#icon-ci-1-nodesc","icon-scale":0.7,"icon":"images/icon-1.png"}},
{"type":"Feature","geometry":{"type":"Point","coordinates":[-94.3183625,41.5034243,0]},"properties":{"name":"Stuart, Iowa, USA","styleUrl":"#icon-ci-2-nodesc","icon-scale":0.7,"icon":"images/icon-2.png"}},
{"type":"Feature","geometry":{"type":"Point","coordinates":[-95.8608338,41.2619141,0]},"properties":{"name":"Council Bluffs, IA, USA","styleUrl":"#icon-ci-3-nodesc","icon-scale":0.7,"icon":"images/icon-3.png"}},
{"type":"Feature","geometry":{"type":"Point","coordinates":[-95.9345105,41.2565382,0]},"properties":{"name":"Omaha, NE, USA","styleUrl":"#icon-ci-4-nodesc","icon-scale":0.7,"icon":"images/icon-4.png"}},
{"type":"Feature","geometry":{"type":"Point","coordinates":[-95.5180616,40.034386,0]},"properties":{"name":"Preston, Nebraska, USA","styleUrl":"#icon-ci-5-nodesc","icon-scale":0.7,"icon":"images/icon-5.png"}},
{"type":"Feature","geometry":{"type":"Point","coordinates":[-98.3421018,40.9262094,0]},"properties":{"name":"Grand Island, NE, USA","styleUrl":"#icon-ci-6-nodesc","icon-scale":0.7,"icon":"images/icon-6.png"}},
{"type":"Feature","geometry":{"type":"Point","coordinates":[-100.7599468,41.1411453,0]},"properties":{"name":"North Platte, NE, USA","styleUrl":"#icon-ci-7-nodesc","icon-scale":0.7,"icon":"images/icon-7.png"}},
{"type":"Feature","geometry":{"type":"Point","coordinates":[-101.7204074,41.1282589,0]},"properties":{"name":"Ogallala, NE, USA","styleUrl":"#icon-ci-8-nodesc","icon-scale":0.7,"icon":"images/icon-8.png"}},
{"type":"Feature","geometry":{"type":"Point","coordinates":[-104.8201002,41.139754,0]},"properties":{"name":"Cheyenne, WY, USA","styleUrl":"#icon-ci-9-nodesc","icon-scale":0.7,"icon":"images/icon-9.png"}},
{"type":"Feature","geometry":{"type":"Point","coordinates":[-105.1018625,40.1672069,0]},"properties":{"name":"Longmont, Colorado, USA","styleUrl":"#icon-ci-10-nodesc","icon-scale":0.7,"icon":"images/icon-10.png"}},
{"type":"Feature","geometry":{"type":"Point","coordinates":[-105.1018625,40.1672069,0]},"properties":{"name":"Longmont, Colorado, USA","styleUrl":"#icon-ci-1-nodesc","icon-scale":0.7,"icon":"images/icon-1.png"}},
{"type":"Feature","geometry":{"type":"Point","coordinates":[-104.9986245,39.7482765,0]},"properties":{"name":"Larimer Street, Denver, CO, USA","styleUrl":"#icon-ci-2-nodesc","icon-scale":0.7,"icon":"images/icon-2.png"}},
{"type":"Feature","geometry":{"type":"Point","coordinates":[-104.9835995,39.7320401,0]},"properties":{"name":"Grant Street, Denver, CO, USA","styleUrl":"#icon-ci-3-nodesc","icon-scale":0.7,"icon":"images/icon-3.png"}},
{"type":"Feature","geometry":{"type":"Point","coordinates":[-104.9902503,39.7392353,0]},"properties":{"name":"Denver, CO, USA","styleUrl":"#icon-ci-4-nodesc","icon-scale":0.7,"icon":"images/icon-4.png"}},
{"type":"Feature","geometry":{"type":"Point","coordinates":[-105.5140266,39.8021525,0]},"properties":{"name":"Central City, CO, USA","styleUrl":"#icon-ci-5-nodesc","icon-scale":0.7,"icon":"images/icon-5.png"}},
{"type":"Feature","geometry":{"type":"Point","coordinates":[-104.9902503,39.7392353,0]},"properties":{"name":"Denver, CO, USA","styleUrl":"#icon-ci-6-nodesc","icon-scale":0.7,"icon":"images/icon-6.png"}},
{"type":"Feature","geometry":{"type":"Point","coordinates":[-104.8201002,41.139754,0]},"properties":{"name":"Cheyenne, WY, USA","styleUrl":"#icon-ci-7-nodesc","icon-scale":0.7,"icon":"images/icon-7.png"}},
{"type":"Feature","geometry":{"type":"Point","coordinates":[-111.8910002,40.76078,0]},"properties":{"name":"Salt Lake City, UT, USA","styleUrl":"#icon-ci-8-nodesc","icon-scale":0.7,"icon":"images/icon-8.png"}},
{"type":"Feature","geometry":{"type":"Point","coordinates":[-119.8142778,39.5299174,0]},"properties":{"name":"Reno, NV, USA","styleUrl":"#icon-ci-9-nodesc","icon-scale":0.7,"icon":"images/icon-9.png"}},
{"type":"Feature","geometry":{"type":"Point","coordinates":[-121.4943983,38.5815716,0]},"properties":{"name":"Sacramento, CA, USA","styleUrl":"#icon-ci-10-nodesc","icon-scale":0.7,"icon":"images/icon-10.png"}},
{"type":"Feature","geometry":{"type":"Point","coordinates":[-121.4943983,38.5815716,0]},"properties":{"name":"Sacramento, CA, USA","styleUrl":"#icon-ci-1-nodesc","icon-scale":0.7,"icon":"images/icon-1.png"}},
{"type":"Feature","geometry":{"type":"Point","coordinates":[-122.4195388,37.7749613,0]},"properties":{"name":"San Francisco, CA, USA","styleUrl":"#icon-ci-2-nodesc","icon-scale":0.7,"icon":"images/icon-2.png"}},
{"type":"Feature","geometry":{"type":"Point","coordinates":[-122.5094247,37.8687948,0]},"properties":{"name":"Marin City, CA, USA","styleUrl":"#icon-ci-3-nodesc","icon-scale":0.7,"icon":"images/icon-3.png"}},
{"type":"Feature","geometry":{"type":"Point","coordinates":[-122.4851504,37.8592303,0]},"properties":{"name":"Sausalito, CA, USA","styleUrl":"#icon-ci-4-nodesc","icon-scale":0.7,"icon":"images/icon-4.png"}},
{"type":"Feature","geometry":{"type":"Point","coordinates":[-122.4195388,37.7749613,0]},"properties":{"name":"San Francisco, CA, USA","styleUrl":"#icon-ci-5-nodesc","icon-scale":0.7,"icon":"images/icon-5.png"}},
{"type":"Feature","geometry":{"type":"Point","coordinates":[-122.2711968,37.8043546,0]},"properties":{"name":"Oakland, CA, USA","styleUrl":"#icon-ci-6-nodesc","icon-scale":0.7,"icon":"images/icon-6.png"}},
{"type":"Feature","geometry":{"type":"Point","coordinates":[-119.7871247,36.7377981,0]},"properties":{"name":"Fresno, CA, USA","styleUrl":"#icon-ci-7-nodesc","icon-scale":0.7,"icon":"images/icon-7.png"}},
{"type":"Feature","geometry":{"type":"Point","coordinates":[-119.0187437,35.373278,0]},"properties":{"name":"Bakersfield, CA, USA","styleUrl":"#icon-ci-8-nodesc","icon-scale":0.7,"icon":"images/icon-8.png"}},
{"type":"Feature","geometry":{"type":"Point","coordinates":[-118.9314409,34.9419279,0]},"properties":{"name":"Grapevine, CA, USA","styleUrl":"#icon-ci-9-nodesc","icon-scale":0.7,"icon":"images/icon-9.png"}},
{"type":"Feature","geometry":{"type":"Point","coordinates":[-118.476944,33.9951464,0]},"properties":{"name":"Main Street, L A, Venice, CA, USA","styleUrl":"#icon-ci-10-nodesc","icon-scale":0.7,"icon":"images/icon-10.png"}},
{"type":"Feature","geometry":{"type":"Point","coordinates":[-118.476944,33.9951464,0]},"properties":{"name":"Main Street, L A, Venice, CA, USA","styleUrl":"#icon-ci-1-nodesc","icon-scale":0.7,"icon":"images/icon-1.png"}},
{"type":"Feature","geometry":{"type":"Point","coordinates":[-118.3288877,34.0928094,0]},"properties":{"name":"Hollywood, Los Angeles, CA, USA","styleUrl":"#icon-ci-2-nodesc","icon-scale":0.7,"icon":"images/icon-2.png"}},
{"type":"Feature","geometry":{"type":"Point","coordinates":[-118.0354568,34.1398004,0]},"properties":{"name":"Arcadia, CA, USA","styleUrl":"#icon-ci-3-nodesc","icon-scale":0.7,"icon":"images/icon-3.png"}},
{"type":"Feature","geometry":{"type":"Point","coordinates":[-119.0187437,35.373278,0]},"properties":{"name":"Bakersfield, CA, USA","styleUrl":"#icon-ci-4-nodesc","icon-scale":0.7,"icon":"images/icon-4.png"}},
{"type":"Feature","geometry":{"type":"Point","coordinates":[-119.6120771,36.5707449,0]},"properties":{"name":"Selma, CA, USA","styleUrl":"#icon-ci-5-nodesc","icon-scale":0.7,"icon":"images/icon-5.png"}},
{"type":"Feature","geometry":{"type":"Point","coordinates":[-120.060677,36.9613631,0]},"properties":{"name":"Madera, CA, USA","styleUrl":"#icon-ci-6-nodesc","icon-scale":0.7,"icon":"images/icon-6.png"}},
{"type":"Feature","geometry":{"type":"Point","coordinates":[-119.7871247,36.7377981,0]},"properties":{"name":"Fresno, CA, USA","styleUrl":"#icon-ci-7-nodesc","icon-scale":0.7,"icon":"images/icon-7.png"}},
{"type":"Feature","geometry":{"type":"Point","coordinates":[-119.6120771,36.5707449,0]},"properties":{"name":"Selma, CA, USA","styleUrl":"#icon-ci-8-nodesc","icon-scale":0.7,"icon":"images/icon-8.png"}},
{"type":"Feature","geometry":{"type":"Point","coordinates":[-118.476944,33.9951464,0]},"properties":{"name":"Main Street, L A, Venice, CA, USA","styleUrl":"#icon-ci-9-nodesc","icon-scale":0.7,"icon":"images/icon-9.png"}},
{"type":"Feature","geometry":{"type":"Point","coordinates":[-102.5132983,36.0594328,0]},"properties":{"name":"Dalhart, TX, USA","styleUrl":"#icon-ci-10-nodesc","icon-scale":0.7,"icon":"images/icon-10.png"}},
{"type":"Feature","geometry":{"type":"Point","coordinates":[-102.5132983,36.0594328,0]},"properties":{"name":"Dalhart, TX, USA","styleUrl":"#icon-ci-1-nodesc","icon-scale":0.7,"icon":"images/icon-1.png"}},
{"type":"Feature","geometry":{"type":"Point","coordinates":[-98.4842441,39.0160005,0]},"properties":{"name":"Kansas, USA","styleUrl":"#icon-ci-2-nodesc","icon-scale":0.7,"icon":"images/icon-2.png"}},
{"type":"Feature","geometry":{"type":"Point","coordinates":[-90.1998879,38.6271245,0]},"properties":{"name":"St. Louis, MO, USA","styleUrl":"#icon-ci-3-nodesc","icon-scale":0.7,"icon":"images/icon-3.png"}},
{"type":"Feature","geometry":{"type":"Point","coordinates":[-86.158062,39.767955,0]},"properties":{"name":"Indianapolis, IN, USA","styleUrl":"#icon-ci-4-nodesc","icon-scale":0.7,"icon":"images/icon-4.png"}},
{"type":"Feature","geometry":{"type":"Point","coordinates":[-79.9959128,40.4406351,0]},"properties":{"name":"Pittsburgh, PA, USA","styleUrl":"#icon-ci-5-nodesc","icon-scale":0.7,"icon":"images/icon-5.png"}},
{"type":"Feature","geometry":{"type":"Point","coordinates":[-76.8866745,40.2731989,0]},"properties":{"name":"Harrisburg, PA, USA","styleUrl":"#icon-ci-6-nodesc","icon-scale":0.7,"icon":"images/icon-6.png"}},
{"type":"Feature","geometry":{"type":"Point","coordinates":[-73.9855539,40.7579757,0]},"properties":{"name":"Times Square, Manhattan, NY, USA","styleUrl":"#icon-ci-7-nodesc","icon-scale":0.7,"icon":"images/icon-7.png"}}
]}